Topic,Words,Frequency,Timestamp
-1,"drug, risk, adverse, reporting, patients",32,2015
0,"skin, fusion, atrophy, tkis, safety",7,2015
1,"pregnancy, anomalies, congenital, ca, use",6,2015
2,"vaccine, mmrv, bcg, adjuvant, aefi",4,2015
3,"signal, detection, signals, events, methods",8,2015
5,"hyperglycaemia, diabetes, insulin, hypoglycaemia, induce",4,2015
6,"cem, ncs, programmes, participate, pharmacovigilance",2,2015
7,"liver, hepatotoxicity, sas, tolvaptan, injury",3,2015
8,"95, ci, antidepressants, ssris, domperidone",4,2015
9,"dapt, pci, acs, postacs, coronary",1,2015
11,"hpo, ards, intoxications, opioid, immediaterelease",1,2015
12,"posts, social, media, hpv, rosiglitazonecardiovascular",1,2015
13,"qt, prolongation, cardiac, effect, qtc",3,2015
14,"errors, medication, prescribing, error, misuse",5,2015
17,"herbal, species, products, dna, plant",2,2015
18,"dose, dabigatran, observational, adherence, dosages",1,2015
19,"art, adrs, patients, haart, severe",3,2015
20,"advertising, attorney, fda, actions, prescription",2,2015
22,"consumers, reporting, consumer, regulators, contribute",1,2015
23,"equivalence, generic, productspecific, approved, formal",1,2015
-1,"adverse, studies, risk, drug, use",27,2016
0,"bowel, dpp4, riskbenefit, patients, ild",5,2016
1,"pregnancy, congenital, tofacitinib, prr, monotherapy",3,2016
2,"vaccine, intussusception, vaccination, casepopulation, hospitalizations",4,2016
3,"hf, signal, detection, signals, associations",8,2016
5,"po, fy, vildagliptin, mitochondrial, statin",3,2016
6,"pharmacovigilance, pv, biopharmaceutical, patientcentric, fund",3,2016
7,"liver, dili, injury, patients, causality",6,2016
8,"hypnotics, seizures, antidepressants, anesthesia, 95",3,2016
9,"aspirin, doacs, bleeding, anticoagulants, warfarin",5,2016
10,"adr, agree, reports, information, adrs",7,2016
11,"neuraxial, opioids, effects, analgesia, respiratory",1,2016
12,"social, media, abuse, data, posts",3,2016
13,"qt, heart, qtc, qtqtc, prolongation",2,2016
15,"polypharmacy, appropriate, underprescribing, patients, medicines",1,2016
17,"herbal, products, species, brm, dna",2,2016
18,"montelukast, torsadogenicity, children, adolescents, srss",2,2016
19,"haart, hiv, active, adverse, treatment",5,2016
20,"boxed, fda, comprehension, drug, warning",3,2016
22,"china, adr, nadrms, reporting, monitoring",1,2016
-1,"risk, reports, drug, safety, data",34,2017
0,"antivegf, scc, bcc, asthma, tzs",4,2017
1,"pregnancy, exposure, women, birth, ribavirin",8,2017
2,"vaccination, vaccine, aefi, papillomavirus, clusters",4,2017
3,"query, signals, sprt, models, methods",3,2017
4,"duplicate, algorithm, vaers, ade, stateoftheart",2,2017
5,"kidney, drugs, hyperglycaemia, anticancer, caries",4,2017
6,"pharmacovigilance, students, programme, adr, medicines",3,2017
7,"dili, liver, cyst, dilin, injury",3,2017
8,"clopidogrel, ssri, metabolic, sga, antipsychotic",3,2017
9,"ps, doacs, hr, dabigatran, iptw",2,2017
10,"patient, reported, report, adr, symptoms",3,2017
11,"hpo, er, oxycodonenaloxone, cardio, opioid",1,2017
12,"social, media, posts, productevent, facebook",2,2017
13,"tdp, drugs, qt, arrhythmia, ventricular",2,2017
14,"care, provider, constellation, density, interacting",1,2017
15,"admissions, parkinsonism, adrrelated, disease, parkinsonismparkinson",4,2017
16,"ugi, hemoglobin, thienopyridines, cancer, nsaid",2,2017
17,"herbal, products, medicinal, trade, species",2,2017
18,"codeine, eslicarbazepine, acetate, regulations, treatmentemergent",2,2017
19,"prep, sperm, acidrelated, gastric, hiv",2,2017
20,"boxed, warning, information, postmarketing, safety",3,2017
22,"app, discussions, hcps, interviews, influence",1,2017
23,"followon, biologics, original, promise, products",1,2017
-1,"patients, safety, use, studies, drug",35,2018
0,"patients, thromboembolic, erlotinib, treatment, events",11,2018
1,"pregnancy, pregnancies, anomalies, enrollment, registries",3,2018
2,"vaccine, vaccination, hb, vaccines, dashboard",4,2018
3,"detection, signal, signals, performance, drug",5,2018
4,"sdm, icsr, gkappa, human, pharmacovigilance",1,2018
5,"als, renal, sglt2i, statin, alslike",2,2018
6,"pharmacovigilance, pv, evaluation, minimization, access",6,2018
7,"liver, injury, fasiglifam, dili, alt",4,2018
8,"antidepressants, type, diabetes, serotonin, dopamine",2,2018
9,"doac, sofosbuvir, doacs, therapy, bleeding",4,2018
10,"barcode, batch, expiry, scanning, traceability",1,2018
11,"opioid, opioids, overdose, painkillers, potency",4,2018
12,"social, media, big, posts, twitterfacebook",3,2018
13,"valbenazine, qt, prolongation, tdp, ecg",3,2018
14,"errors, error, medication, administrations, intervention",1,2018
15,"pim, elderly, unplanned, unscheduled, japanese",1,2018
16,"b6, vitamin, gc, nsaids, pub",4,2018
18,"men, adrs, women, ssris, doserelated",1,2018
19,"secondline, art, tdf, fracture, patients",2,2018
21,"chloroquine, hydroxychloroquine, cardiac, manifestations, hydroxychloroquinerelated",1,2018
22,"app, reports, submitted, reporting, webradr",1,2018
23,"generic, er, switching, brand, ototoxicity",2,2018
-1,"data, reports, use, safety, studies",32,2019
0,"patients, treatment, clinical, safety, inhibitors",23,2019
1,"pregnancy, women, birth, centres, pregnant",5,2019
3,"tbss, detection, sdrs, data, signal",5,2019
4,"task, ades, relations, nlp, pharmacovigilance",6,2019
5,"lactic, acidosis, alogliptin, metformin, t2dm",2,2019
6,"pharmacovigilance, countries, organizations, patient, arab",4,2019
7,"liver, dili, injury, dis, dish",3,2019
8,"risk, ranolazine, ideation, depression, ci",4,2019
9,"rivaroxaban, angioedema, dabigatran, warfarin, apixaban",3,2019
10,"social, patientfriendly, direct, reactions, drug",2,2019
11,"tramadol, mortality, aor, 167187, associated",1,2019
12,"social, media, webradr, project, medicines",2,2019
13,"corrections, qtc, qt, tdp, qtrr",3,2019
14,"errors, medication, error, paediatric, wards",4,2019
15,"frailty, recorded, measurements, ipci, potentially",1,2019
16,"nsaids, bismuth, bmt, failure, heart",2,2019
20,"communications, unintended, fda, effects, safety",2,2019
21,"fluoroquinolone, aortic, fluoroquinolones, collagenassociated, dissection",2,2019
23,"switching, esa, epoetin, switchers, effectiveness",1,2019
-1,"safety, study, risk, patients, reports",37,2020
0,"tofacitinib, patients, baricitinib, 980, trastuzumab",11,2020
1,"cladribine, pregnancy, pregnancies, congenital, births",4,2020
2,"vaccines, qbrm, vaccine, vaccination, covid19",6,2020
3,"signal, signals, detection, disproportionality, drug",7,2020
4,"seriousness, solicited, reports, classifier, f1",1,2020
5,"bempedoic, acid, sglt2, diabetes, muscular",3,2020
6,"pv, pharmacovigilance, national, systems, mentoring",2,2020
7,"liver, dili, injury, ulipristal, upa",5,2020
8,"aacg, aor, quetiapine, bzd, 95",2,2020
9,"warfarin, bleeding, doacs, antiplatelet, nintedanib",2,2020
10,"device, faults, batch, brand, adr",2,2020
11,"opioid, naloxone, fbt, hydromorphone, oxycodone",3,2020
12,"social, media, twitter, tweets, posts",5,2020
14,"errors, medication, smart, error, strategies",2,2020
15,"elderly, frail, frailty, patients, interactions",1,2020
16,"cocktail, ngml, nsaids, healthy, geneva",2,2020
18,"metformin, differences, initiation, weeks, sex",1,2020
20,"perceptions, sideeffect, positively, expectations, framed",2,2020
21,"covid19, lopinavirritonavir, hydroxychloroquine, psychiatric, azithromycin",5,2020
22,"nhp, ginkgo, purchasers, nhplite, purchaser",1,2020
-1,"adverse, patients, events, data, studies",26,2021
0,"patients, treatment, mg, upadacitinib, events",16,2021
1,"pregnancy, women, pregnant, pregnancies, exposure",9,2021
2,"vaccination, vaccine, rzv, covid19, vaccines",8,2021
4,"machine, learning, pharmacovigilance, model, substandard",6,2021
5,"hes, drps, ckd, kidney, renal",2,2021
6,"pharmacovigilance, pv, activities, implementation, rmm",9,2021
7,"liver, dili, injury, causality, metamizole",5,2021
8,"dl, ac, seizure, cognitive, years",3,2021
9,"rivaroxaban, warfarin, bleeding, apixaban, dabigatran",2,2021
10,"motives, nl, adr, report, uk",1,2021
11,"opioid, xrntx, tramadol, overdose, nmu",2,2021
12,"social, media, data, adverse, users",2,2021
14,"prescriptions, care, medication, primary, databases",1,2021
15,"nhps, mental, prescription, ades, health",2,2021
16,"nsaids, extramedical, nonmedical, papers, sarscov2",2,2021
17,"dhpcs, dhpc, caps, products, herbal",1,2021
18,"signals, cumulative, sequential, designated, potential",1,2021
19,"drvr, grade, aes, patients, experienced",1,2021
21,"ivm, doxy, covid19, agents, monotherapy",2,2021
23,"alfa, alirocumab, evolocumab, epoetin, darbepoetin",2,2021
-1,"safety, reports, drug, adverse, data",27,2022
0,"erl, patients, recurrence, serous, retinopathy",7,2022
1,"pregnancy, breastfeeding, glatiramer, acetate, infant",2,2022
2,"vaccine, aefis, covid19, vaccines, vaccination",9,2022
3,"lasso, method, signal, signals, casecrossover",4,2022
4,"machine, learning, model, pharmacovigilance, ai",15,2022
5,"kidney, sglt2i, nephrotoxic, statins, acute",5,2022
6,"involvement, patient, pv, interviews, best",1,2022
7,"dili, paediatric, apap, idiosyncratic, liver",1,2022
8,"antidepressants, depression, delirium, surgery, ci",3,2022
9,"doacs, warfarin, gib, bleeding, rivaroxaban",3,2022
10,"pmrs, pmcs, completion, approval, reports",1,2022
11,"opioid, oxycodone, shortages, prescriptions, policy",4,2022
12,"statin, discontinuation, social, media, posting",1,2022
13,"qt, ecg, prolongation, hydroxyzine, bc",4,2022
14,"incidents, errors, maes, medication, studies",2,2022
15,"admissions, hospital, medicationrelated, medication, mes",2,2022
16,"airr, diclofenac, cox2, ci, 95",1,2022
17,"herbal, products, tcam, medicine, dna",4,2022
18,"topiramate, codeine, nightmares, children, montelukast",4,2022
22,"registries, collection, medicines, regulatory, aesadrs",1,2022
-1,"risk, safety, studies, adverse, reports",19,2023
0,"patients, adverse, alk, pegylated, events",11,2023
1,"pregnancy, exposure, valproate, outcomes, birth",10,2023
2,"covid19, vaccine, vaccines, vaccination, aefis",15,2023
3,"signal, data, computable, detection, signals",6,2023
4,"entity, narratives, models, ade, language",3,2023
5,"dapagliflozin, diabetes, nephrotoxic, dka, sglt2i",7,2023
6,"protocols, survey, cee, rems, time",1,2023
7,"liver, injury, unexplained, acute, amoxicillinclavulanate",1,2023
8,"pimavanserin, weightgain, rasagiline, 95, pd",3,2023
10,"adrs, reports, adr, reporting, australian",4,2023
11,"dsp, opioids, opioid, tramadol, vomiting",2,2023
13,"qtcbazett, ms, preterm, elbw, controls",1,2023
14,"service, tcam, medication, referrals, discrepancies",1,2023
15,"medicine, residents, adverse, events, preventable",1,2023
16,"nsaid, mace, socioeconomic, lifestyle, position",1,2023
21,"fluoroquinolone, mpc, ema, februarymay, restrict",1,2023
22,"workers, app, med, health, adr",1,2023
23,"biosimilars, sandoz, biosimilar, postapproval, rituximab",1,2023
-1,"data, studies, drug, use, zopiclone",20,2024
0,"pys, patients, cm101, pml, psoriasis",7,2024
1,"pregnancy, outcomes, exposure, congenital, data",12,2024
2,"covid19, vaccines, vaccine, vaccination, dose",11,2024
3,"signals, disproportionality, signal, detection, drug",9,2024
4,"model, drug, surveillance, mapping, tool",3,2024
5,"sglt2, inhibitors, dpp4, breast, gallbladder",3,2024
6,"pv, pharmacovigilance, implementation, regulatory, training",5,2024
7,"liver, dili, elderly, injury, values",4,2024
8,"antipsychotics, cognitive, trials, 95, pramipexole",4,2024
9,"apixabanclopidogrel, rivaroxabanclopidogrel, iptw, bleeding, major",1,2024
10,"harms, consider, benefits, probabilities, intervention",1,2024
11,"older, adults, inappropriate, opioids, opioid",1,2024
12,"social, media, posts, rwd, data",2,2024
13,"qtc, alerts, prolongation, diqtp, overridden",1,2024
14,"errors, medication, administrations, nicu, error",2,2024
15,"ed, irr, hfem, hfems, hf",3,2024
16,"sirs, preoperative, pcnl, glucocorticoids, psm",1,2024
18,"mc, reports, somnolence, aes, dizziness",1,2024
19,"dem, ae, hiv, active, studies",1,2024
-1,"safety, ades, pgx, studies, study",19,2025
0,"jakis, antitnf, cardiovascular, romosozumab, glm",5,2025
1,"pregnancy, exposure, pregnancies, outcomes, women",14,2025
2,"vaccine, covid19, vaccination, vaccines, aefi",8,2025
3,"detection, signal, causal, citing, signals",7,2025
4,"llms, gpt, performance, search, narratives",5,2025
5,"use, glp1ra, sulfonylureas, inhibitors, cancer",7,2025
6,"pharmacovigilance, cpgs, atmps, implementation, rmms",5,2025
7,"dili, liver, injury, rechallenge, causality",6,2025
8,"pdp, pimavanserin, dici, cacb, initiators",3,2025
9,"doacs, offlabel, underdosed, phr, isse",1,2025
10,"followup, studies, response, scoping, adr",1,2025
11,"opioid, buprenorphinenaloxone, injectionrelated, oat, opioidrelated",3,2025
12,"vader, lsd, mushrooms, psilocybin, roberta",1,2025
13,"qt, qtc, interval, schizophrenia, antipsychotics",1,2025
15,"ed, admissions, home, residents, nursing",1,2025
17,"herbal, documents, products, dietary, mhp",3,2025
18,"rofecoxib, casetimecontrol, sequential, study, mi",1,2025
22,"reporting, industry, registry, respondents, discussions",3,2025
23,"cdps, consumer, mes, sdrs, eudravigilance",2,2025
